Titre,Entreprise,Localisation,Lien,Publié,Recrutement,Statut
Data Analyst Junior H/F/NB,Silae,Paris,https://fr.linkedin.com/jobs/view/data-analyst-junior-h-f-nb-at-silae-4314100610?position=2&pageNum=0&refId=DdG7PaCOxvQny0itBwaimw%3D%3D&trackingId=YJpNTDxGo4HrxDq09Z9I8w%3D%3D,il y a 1 jour,,À postuler
Data Analyst Junior H/F/NB,Silae,Rennes,https://fr.linkedin.com/jobs/view/data-analyst-junior-h-f-nb-at-silae-4313996775?position=3&pageNum=0&refId=DdG7PaCOxvQny0itBwaimw%3D%3D&trackingId=g13mmUoQZVskhGSmdqPHbw%3D%3D,il y a 1 jour,,À postuler
Data analyst junior (H/F/X),AVIV Group,Paris,https://fr.linkedin.com/jobs/view/data-analyst-junior-h-f-x-at-aviv-group-4303710603?position=4&pageNum=0&refId=DdG7PaCOxvQny0itBwaimw%3D%3D&trackingId=AQtc5fZLmgshBMYTKsSzrA%3D%3D,,,Refusé
Data Analyst Junior H/F/NB,Silae,Nantes,https://fr.linkedin.com/jobs/view/data-analyst-junior-h-f-nb-at-silae-4314103531?position=5&pageNum=0&refId=DdG7PaCOxvQny0itBwaimw%3D%3D&trackingId=Lf%2Bjkst46j%2F1RmB%2BmIrv3w%3D%3D,il y a 1 jour,,Entretien
Data Analyst Internship - Business m/f/d,Deezer,Paris,https://fr.linkedin.com/jobs/view/data-analyst-internship-business-m-f-d-at-deezer-4304970946?position=7&pageNum=0&refId=DdG7PaCOxvQny0itBwaimw%3D%3D&trackingId=nuqj3G5hXKln7vLnOGuD6g%3D%3D,il y a 3 semaines,Soyez un des premiers candidats,Postulé
Marketing Support (France),Acqua di Parma,Ville de Paris,https://fr.linkedin.com/jobs/view/marketing-support-france-at-acqua-di-parma-4311442164?position=8&pageNum=0&refId=DdG7PaCOxvQny0itBwaimw%3D%3D&trackingId=uff1oabUdqhh3B%2FYYuPhkg%3D%3D,il y a 4 jours,Recrutement actif,À postuler
Data Analyst internship,Procter & Gamble,Paris,https://fr.linkedin.com/jobs/view/data-analyst-internship-at-procter-gamble-4304649935?position=9&pageNum=0&refId=DdG7PaCOxvQny0itBwaimw%3D%3D&trackingId=9uuqRXyzG2AoWmKopBj3Ig%3D%3D,il y a 3 semaines,Recrutement actif,À postuler
Data Analyst - User Acquisition,Homa,Paris,https://fr.linkedin.com/jobs/view/data-analyst-user-acquisition-at-homa-4294399462?position=6&pageNum=0&refId=DdG7PaCOxvQny0itBwaimw%3D%3D&trackingId=I6wgM90mhKOJbDIWA5dNcg%3D%3D,il y a 1 mois,Soyez un des premiers candidats,À postuler
Data Scientist -Intern,Descartes Underwriting,Ville de Paris,https://fr.linkedin.com/jobs/view/data-scientist-intern-at-descartes-underwriting-4316349399?position=21&pageNum=0&refId=B4rxWpowQ6lAFwRMROFgnA%3D%3D&trackingId=SADN7564eTQwAk4khI%2F28A%3D%3D,,Recrutement actif,
Stage en Assistant Comptable rémunéré A TEMARA,FIDUCIAIRE HT,Temara,https://www.stagiaires.ma/offres-de-stages-et-premier-emploi-maroc/?types_de_contrat=Stagehttps://www.stagiaires.ma/offres-de-stages-et-premier-emploi-maroc/1207294-stage-en-assistant-comptable-remunere-a-temara,il y a 13 heure(s),,
Offre de stage – Architecte d’intérieur – Ligne Roset Casablanca,LOFT ART,Casablanca,https://www.stagiaires.ma/offres-de-stages-et-premier-emploi-maroc/?types_de_contrat=Stagehttps://www.stagiaires.ma/offres-de-stages-et-premier-emploi-maroc/1206468-offre-de-stage-architecte-dinterieur-ligne-roset-casablanca,il y a 23 heure(s),,
stagiaire Ingénieur orienté gestion de projet & opérations,MR.BRICOLAGE,Casablanca,https://www.stagiaires.ma/offres-de-stages-et-premier-emploi-maroc/?types_de_contrat=Stagehttps://www.stagiaires.ma/offres-de-stages-et-premier-emploi-maroc/1206464-stagiaire-ingenieur-oriente-gestion-de-projet-operations,il y a 23 heure(s),,
Stagiaire Media Data - OCTOBER 2025,Loewe,Ville de Paris,https://fr.linkedin.com/jobs/view/stagiaire-media-data-october-2025-at-loewe-4313335881?position=20&pageNum=0&refId=zMMEt66u7snqvgAP6cYj3g%3D%3D&trackingId=lUqEfshnMpOjbv%2BTz3x1Cg%3D%3D,,,
Data Analyst Power BI,WHIZE,Neuilly-sur-Seine,https://fr.linkedin.com/jobs/view/data-analyst-power-bi-at-whize-4316355120?position=52&pageNum=0&refId=zMMEt66u7snqvgAP6cYj3g%3D%3D&trackingId=0zsrh9cgZtinBplWBJGKiw%3D%3D,,,
